CHR,RSID,A1,A2,BETA,P,SE,BP,REF,ALT,NEAR_GENE,LOC_NUM,NUM_GENES,OR,CHR_BP,MAF
5,rs246814,T,C,0.2167,3.48e-08,0.039288232,75599208,C,T,SV2C,1,20,1.241971454807017,5:75599208,
7,rs9638616,T,G,0.128,2.53e-08,0.02297476,70750493,G,T,WBSCR17,2,5,1.1365530026970603,7:70750493,
