CHR,RSID,A1,A2,BETA,P,SE,BP,REF,ALT,NEAR_GENE,LOC_NUM,NUM_GENES,OR,CHR_BP,MAF
9,rs382940,,,0.711,3.46e-08,0.1289,108058562,T,A,SLC44A1,2,,2.0360262672401097,9:108058562,0.0864
10,rs61863020,,,-0.4547,4.7410000000000006e-08,0.0833,112956055,G,A,ADRA2A,1,,0.6346383308916265,10:112956055,0.3228
